{"1": 0.06060606060606061, "2": 0.07142857142857142, "3": 0.1792452830188679, "4": 0.0784313725490196, "5": 0.06896551724137931, "6": 0.03225806451612903, "7": 0.029411764705882353, "8": 0.05555555555555555, "9": 0.16216216216216217, "10": 0.07692307692307693, "11": 0.043478260869565216, "12": 0.047619047619047616, "13": 0.05154639175257732, "14": 0.0851063829787234, "15": 0.046875, "16": 0.0, "17": 0.0, "18": 0.125, "19": 0.0}